,Datum,Tijd,Parameter,Locatie,Waarde,Verwachting,Eenheid,Windrichting,Windrichting eenheid,Bemonsteringshoogte,Referentievlak,Unnamed: 11
0,28-4-2021,13:30:00,Windsnelheid Lucht t.o.v. Mean Sea Level in m/s,Europlatform,8.65,,m/s,19.7,graden,2910,NVT,
1,28-4-2021,13:40:00,Windsnelheid Lucht t.o.v. Mean Sea Level in m/s,Europlatform,8.86,,m/s,18.3,graden,2910,NVT,
2,28-4-2021,13:50:00,Windsnelheid Lucht t.o.v. Mean Sea Level in m/s,Europlatform,8.89,,m/s,15.4,graden,2910,NVT,
3,28-4-2021,14:00:00,Windsnelheid Lucht t.o.v. Mean Sea Level in m/s,Europlatform,8.72,,m/s,13.2,graden,2910,NVT,
